ID,Parameter_ID,Name,Description
A-1-1,A-1,Two,
A-1-2,A-1,Three,
A-1-3,A-1,Four,
A-2-1,A-2,Close and open,
A-2-2,A-2,Close and mid,
A-2-3,A-2,"Close, mid and open",
A-2-4,A-2,"Close, close-mid, mid and open",
A-2-5,A-2,"Close, close-mid, open-mid and open",
A-3-1,A-3,Linear system,
A-3-2,A-3,Front and back,
A-3-3,A-3,Central and back,
A-3-4,A-3,"Front, central and back",
A-3-5,A-3,Front and non-front,
A-4-1,A-4,No length degrees,
A-4-2,A-4,Two,
A-4-3,A-4,Three,
A-4-4,A-4,Four,
A-5-1,A-5,No vowel opposition in labialization,
A-5-2,A-5,Present for front vowels,
A-5-3,A-5,Present for central vowels,
A-5-4,A-5,Present for back vowels,
A-5-5,A-5,Present for front and central vowels,
A-5-6,A-5,Present for front and back vowels,
A-5-7,A-5,Present for central and back vowels,
A-5-8,A-5,"Present for front, central and back vowels",
A-6-1,A-6,No vowel opposition in nasalization,
A-6-2,A-6,Present for front and back vowels,
A-6-3,A-6,Present for central and back vowels,
A-6-4,A-6,"Present for front, central and back vowels",
A-6-5,A-6,Present for front vowels,
A-6-6,A-6,Present for front and central vowels,
A-7-1,A-7,No vowel opposition in pharyngealization,
A-7-2,A-7,Present for front vowels,
A-7-3,A-7,Present for central vowels,
A-7-4,A-7,Present for back vowels,
A-7-5,A-7,Present for front and central vowels,
A-7-6,A-7,Present for front and back vowels,
A-7-7,A-7,Present for central and back vowels,
A-7-8,A-7,"Present for front, central and back vowels",
A-8-1,A-8,No vowel opposition in ATR,
A-8-2,A-8,Present for front vowels,
A-8-3,A-8,Present for central vowels,
A-8-4,A-8,Present for back vowels,
A-8-5,A-8,Present for front and central vowels,
A-8-6,A-8,Present for front and back vowels,
A-8-7,A-8,Present for central and back vowels,
A-8-8,A-8,"Present for front, central and back vowels",
A-9-1,A-9,No diphthongs and triphthongs,
A-9-2,A-9,Only diphthongs present,
A-9-3,A-9,Both diphthongs and triphthongs present,
A-10-1,A-10,Rising (ascending),
A-10-2,A-10,Falling (descending),
A-10-3,A-10,Rising (ascending) and falling (descending),
A-11-1,A-11,Opposition by presence and absence of voice,
A-11-2,A-11,Opposition by aspiration,
A-11-3,A-11,Ejectives present,
A-11-4,A-11,Clicks present,
A-11-5,A-11,Geminated consonants present,
A-11-6,A-11,Opposition by voice presence/absence and by aspiration,
A-11-7,A-11,"Opposition by voice presence/absence, ejectives present",
A-11-8,A-11,Ejective consonants present,
A-11-9,A-11,Opposition by voice presence/absence and softness,
A-11-10,A-11,Strong and weak consonants present,
A-11-11,A-11,Emphatic consonants present,
A-11-12,A-11,Opposition by strain,
A-11-13,A-11,"Opposition by voice presence/absence, emphatic consonants present",
A-11-14,A-11,Opposition by voice presence/absence and strain,
A-12-1,A-12,Plosives and fricatives,
A-12-2,A-12,Plosives and affricates,
A-12-3,A-12,"Plosives, fricatives and affricates",
A-12-4,A-12,"Plosives, voiced, prenasalized, fricatives and affricates",
A-13-1,A-13,"Labial, coronal and guttural",
A-13-2,A-13,"Labial, coronal, dorsal, guttural and postuvular",
A-13-3,A-13,"Labial, coronal, dorsal and guttural",
A-13-4,A-13,"Labial, coronal, dorsal and postuvular",
A-13-5,A-13,"Labial, coronal, guttural and postuvular",
A-13-6,A-13,"Labial, dental-alveolar, palatal, velar and labialized velar",
A-14-1,A-14,Only bilabial,
A-14-2,A-14,Bilabial and labiodental,
A-15-1,A-15,Dental,
A-15-2,A-15,Interdental,
A-15-3,A-15,Alveolar,
A-15-4,A-15,Postalveolar,
A-15-5,A-15,Retroflex,
A-15-6,A-15,Dental and alveolar,
A-15-7,A-15,Dental and interdental,
A-15-8,A-15,Dental and retroflex,
A-15-9,A-15,Dental and postlaveolar,
A-15-10,A-15,Dental and alveopalatal,
A-15-11,A-15,"Dental, interdental and alveolar",
A-15-12,A-15,"Dental, interdental and retroflex",
A-15-13,A-15,"Dental, prepalatal and alveopalatal",
A-15-14,A-15,"Dental, alveolar and postalveolar",
A-15-15,A-15,"Dental, interdental and alveopalatal",
A-15-16,A-15,Alveolar and postalveolar,
A-15-17,A-15,Alveolar and retroflex,
A-15-18,A-15,"Alveolar, retroflex and alveopalatal",
A-15-19,A-15,"Dental, alveolar, postalveolar, and retroflex",
A-15-20,A-15,"Dental, alveolar, and retroflex",
A-15-21,A-15,Dental-alveolar and palatal,
A-15-22,A-15,"Dental, alveolar and dental-alveolar",
A-15-23,A-15,Dental-alveolar,
A-15-24,A-15,Alveolar and alveopalatal,
A-15-25,A-15,Interdental and dental-alveolar,
A-16-1,A-16,Velar,
A-16-2,A-16,Labiovelar,
A-16-3,A-16,Uvular,
A-16-4,A-16,Velar and labiovelar,
A-16-5,A-16,Velar and uvular,
A-16-6,A-16,"Velar, uvular and labiovelar",
A-16-7,A-16,Velar and labialized velar,
A-17-1,A-17,Only pharyngeal,
A-17-2,A-17,Only glottal,
A-17-3,A-17,Both pharyngeal and glottal,
A-18-1,A-18,Absent,
A-18-2,A-18,By labialization,
A-18-3,A-18,By nasalization,
A-18-4,A-18,By palatalization,
A-18-5,A-18,By pharyngealization,
A-18-6,A-18,By labialization and palatalization,
A-18-7,A-18,By labialization and pharyngealization,
A-18-8,A-18,"By labialization, palatalization and pharyngealization",
A-18-9,A-18,By nasalization and palatalization,
A-18-10,A-18,By palatalization and pharyngealization,
A-18-11,A-18,By palatalization and velarization,
A-18-12,A-18,By labialization and nasalisation,
A-19-1,A-19,Nasal and liquid,
A-19-2,A-19,"Nasal, liquid and vibrant",
A-19-3,A-19,"Nasal, liquid and glide",
A-19-4,A-19,"Nasal, vibrant and glide",
A-19-5,A-19,"Liquid, vibrant and glide",
A-19-6,A-19,"Nasal, liquid, vibrant and glide",
A-19-7,A-19,Nasal and glide,
A-19-8,A-19,"Approximant, nasal, vibrant and lateral",
A-20-1,A-20,Coronal,
A-20-2,A-20,Dorsal,
A-20-3,A-20,Guttural,
A-20-4,A-20,Lateral,
A-20-5,A-20,Retroflex,
A-20-6,A-20,Labial and guttural,
A-20-7,A-20,Labial and coronal,
A-20-8,A-20,Coronal and guttural,
A-20-9,A-20,Coronal and postuvular,
A-20-10,A-20,Dorsal and guttural,
A-20-11,A-20,"Labial, coronal, dorsal, guttural and postuvular",
A-20-12,A-20,"Labial, coronal, guttural and postuvular",
A-20-13,A-20,"Labial, coronal, dorsal and postuvular",
A-20-14,A-20,"Labial, coronal and dorsal",
A-20-15,A-20,"Coronal, dorsal and guttural",
A-20-16,A-20,"Labial, coronal and guttural",
A-20-17,A-20,"Labial, coronal, dorsal and guttural",
A-20-18,A-20,Coronal and dorsal,
A-21-1,A-21,Absent,
A-21-2,A-21,By vocalization,
A-21-3,A-21,By palatalization,
A-21-4,A-21,By labialization,
A-21-5,A-21,By intensity,
A-21-6,A-21,By pharyngealization,
A-21-7,A-21,By length,
A-21-8,A-21,By vocalization and pharyngealization,
A-21-9,A-21,"By vocalization, labialization and length",
A-21-10,A-21,By vocalization and length,
A-21-11,A-21,By palatalization and labialization,
A-21-12,A-21,By palatalization and intensity,
A-21-13,A-21,By palatalization and pharyngealization,
A-21-14,A-21,By palatalization and length,
A-21-15,A-21,By pharyngealization and length,
A-21-16,A-21,By nasalization,
B-1-1,B-1,No stress,
B-1-2,B-1,Phonological,
B-1-3,B-1,Non-phonological,
B-1-4,B-1,Phonological and non-phonological,
B-2-1,B-2,Dynamic,
B-2-2,B-2,Quantitative,
B-2-3,B-2,Pitch-accent,
B-2-4,B-2,Mixed,
B-3-1,B-3,Syllable,
B-3-2,B-3,Mora,
B-3-3,B-3,Word,
B-4-1,B-4,Single-place fixed,
B-4-2,B-4,Not fixed,
B-4-3,B-4,Movable fixed,
B-4-4,B-4,Movable flexible,
B-4-5,B-4,Movable non-fixed,
B-5-1,B-5,First syllable of word,
B-5-2,B-5,First syllable of root,
B-5-3,B-5,Second syllable,
B-5-4,B-5,Ultima,
B-5-5,B-5,Last closed syllable,
B-5-6,B-5,Last syllable of stem,
B-5-7,B-5,Penult,
B-5-8,B-5,Antepenult,
B-5-9,B-5,First or second syllable,
B-5-10,B-5,"First, second or third syllable",
B-5-11,B-5,First syllable or ultima,
B-5-12,B-5,First syllable or penult,
B-5-13,B-5,First or first long syllable,
B-5-14,B-5,Penult or antepenult,
B-5-15,B-5,First syllable or antepenult,
B-5-16,B-5,Ultima or penult,
B-5-17,B-5,"Ultima, penult or antepenult",
B-5-18,B-5,"First syllable, penult or ultima",
B-6-1,B-6,Two,
B-6-2,B-6,Three,
B-6-3,B-6,More than three,
B-7-1,B-7,Rising,
B-7-2,B-7,Falling,
B-7-3,B-7,Rising and falling,
B-7-4,B-7,Rising and falling-rising,
B-7-5,B-7,Flat and rising,
B-7-6,B-7,Flat and falling,
B-7-7,B-7,"Flat, rising and falling",
B-7-8,B-7,"Rising, falling and rising-falling",
B-7-9,B-7,"Rising, falling and falling-rising",
B-7-10,B-7,"Rising, falling, rising-falling and falling-rising",
B-7-11,B-7,"Rising, rising-falling, flat and broken",
B-7-12,B-7,Flat and broken,
B-8-1,B-8,Syllable,
B-8-2,B-8,Word,
B-8-3,B-8,Syllable or word,
B-8-4,B-8,Phrase,
B-8-5,B-8,Foot,
B-9-1,B-9,Phonological,
B-9-2,B-9,Non-phonological,
B-9-3,B-9,Rhythmic,
B-9-4,B-9,Phonological and non-phonological,
B-9-5,B-9,Phonological and rhythmic,
B-9-6,B-9,Non-phonological and rhythmic,
B-10-1,B-10,Phoneme,
B-10-2,B-10,Group of phonemes,
B-10-3,B-10,Affix,
B-10-4,B-10,Group of affixes,
B-10-5,B-10,"Group of affixes, all vowels",
B-10-6,B-10,All vowels,
B-10-7,B-10,One vowel or all vowels,
B-10-8,B-10,Foot,
B-10-9,B-10,No vowel harmony,
B-11-1,B-11,Length,
B-11-2,B-11,Backness,
B-11-3,B-11,Height,
B-11-4,B-11,Labialization,
B-11-5,B-11,ATR,
B-11-6,B-11,Backness and height,
B-11-7,B-11,Backness and roundedness,
B-11-8,B-11,Height and roundedness,
B-11-9,B-11,Height and palatality,
B-11-10,B-11,Roundedness and palatality,
B-11-11,B-11,"Backness, height and roundedness",
B-11-12,B-11,"Height, length, and labialization",
B-11-13,B-11,Nasalization,
B-11-14,B-11,ATR and nasalization,
B-12-1,B-12,First vowel of word,
B-12-2,B-12,First vowel of affix,
B-12-3,B-12,First vowel of root,
B-12-4,B-12,Stressed vowel,
B-12-5,B-12,Last vowel of stem,
B-12-6,B-12,First vowel of word (root),
B-12-7,B-12,"Final syllable vowel, or first vowel of word, or stressed syllable of stem",
B-12-8,B-12,First vowel of word or last vowel of stem,
B-12-9,B-12,First vowel of affix or first vowel of root,
B-12-10,B-12,Last vowel of word,
B-13-1,B-13,Nasalization,
B-13-2,B-13,Palatalization,
B-13-3,B-13,Pharyngealization,
B-13-4,B-13,Phonation,
B-13-5,B-13,Velarization and palatalization,
B-13-6,B-13,Pharyngealization and phonation,
B-13-7,B-13,Palatalization and nasalization,
B-14-1,B-14,Creaky voice,
B-14-2,B-14,Stiff voice and slack voice,
B-14-3,B-14,"Stiff voice, slack voice and creaky voice",
B-14-4,B-14,Stiff voice and aspirated voice,
B-14-5,B-14,"Stiff voice, modal voice and aspirated voice",
B-14-6,B-14,Stiff voice,
B-14-7,B-14,Aspirated voice,
C-1-1,C-1,No null onset,
C-1-2,C-1,Only null onset possible,
C-1-3,C-1,Most syllables have a non-null onset,
C-1-4,C-1,Most syllables have a null onset,
C-1-5,C-1,Both null and non-null onset possible,
C-2-1,C-2,No null coda,
C-2-2,C-2,Only null coda possible,
C-2-3,C-2,Most syllables have a non-null coda,
C-2-4,C-2,Most syllables have a null coda,
C-2-5,C-2,Both null and non-null ocoda possible,
D-1-1,D-1,No restrictions,
D-1-2,D-1,Only vowels possible,
D-1-3,D-1,Only consonants possible,
D-1-4,D-1,Limited set of consonants possible,
D-1-5,D-1,No vowel clusters,
D-1-6,D-1,No consonant clusters,
D-1-7,D-1,Limited set of consonants and vowels possible,
D-1-8,D-1,No vowel clusters and no consonant clusters,
D-1-9,D-1,"Limited set of consonants possible, no consonant clusters",
D-1-10,D-1,"Limited set of consonants, no consonant clusters",
D-1-11,D-1,Limited set of vowels,
D-1-12,D-1,"Limited set of vowels and consonants, no consonant clusters or long vowels",
D-2-1,D-2,No restrictions,
D-2-2,D-2,Only vowels possible,
D-2-3,D-2,Only consonants possible,
D-2-4,D-2,Limited set of vowels possible,
D-2-5,D-2,Limited set of consonants possible,
D-2-6,D-2,No vowel clusters,
D-2-7,D-2,No consonant clusters,
D-2-8,D-2,Limited set of vowels and consonants possible,
D-2-9,D-2,No vowel clusters and no consonant clusters,
D-2-10,D-2,"Limited set of consonants possible, no vowel clusters",
D-2-11,D-2,"Limited set of consonants possible, no consonant clusters",
D-2-12,D-2,No clusters of more than two consonants,
D-3-1,D-3,Only monosyllabic words,
D-3-2,D-3,Only polysyllabic words,
D-3-3,D-3,Mainly monosyllabic words,
D-3-4,D-3,Mainly polysyllabic words,
D-4-1,D-4,No differences,
D-4-2,D-4,Differences in phonetic structure,
D-4-3,D-4,Differences in accentuation,
D-4-4,D-4,Differences in phonetic structure and in syllable structure,
D-4-5,D-4,Differences in phonetic structure and accentual differences,
D-4-6,D-4,Differences in syllable structure and accentual differences,
D-4-7,D-4,"Differences in phonetic structure, in syllable structure and accentual differences",
D-4-8,D-4,Differences in syllable structure,
D-5-1,D-5,No differences,
D-5-2,D-5,Differences in phonetic structure,
D-5-3,D-5,Differences in accentuation,
D-5-4,D-5,Differences in syllable structure,
D-5-5,D-5,Differences in syllable structure and accentual differences,
D-5-6,D-5,Differences in phonetic structure and in syllable structure,
D-5-7,D-5,"Differences in phonetic structure, in syllable structure and in accentuation",
D-5-8,D-5,"Differences in phonetic structure, and in accentuation",
D-6-1,D-6,No differences,
D-6-2,D-6,Differences in phonetic structure,
D-6-3,D-6,Accentual differences,
D-6-4,D-6,Differences in syllable structure,
D-6-5,D-6,Differences in phonetic structure and accentuation,
D-6-6,D-6,"Differences in phonetic structure, in syllable structure and accentuation",
D-6-7,D-6,Differences in syllable structure and accentuation,
D-6-8,D-6,Differences in phonetic strcutre and in syllable structure,
D-6-9,D-6,Differences in tones,
D-7-1,D-7,No alternations,
D-7-2,D-7,Accompanying,
D-7-3,D-7,Distinctive,
D-7-4,D-7,Accompanying and distinctive,
D-8-1,D-8,Vowel alternations,
D-8-2,D-8,Consonant alternations,
D-8-3,D-8,Mixed alternations,
D-8-4,D-8,Tone alternations,
D-8-5,D-8,Phoneme complex alternations,
D-8-6,D-8,Vowel and consonant alternations,
D-8-7,D-8,Vowel and mixed alternations,
D-8-8,D-8,"Vowel, consonant and mixed alternations",
D-8-9,D-8,Consonant and phoneme complex alternations,
D-8-10,D-8,"Vowel, consonant, mixed, and phoneme complex alternations",
D-8-11,D-8,"Vowel, consonant, and phoneme complex alternations",
D-8-12,D-8,Vowel and tone alternations,
D-8-13,D-8,Consonant and tone alternations,
E-1-1,E-1,Agglutinative,
E-1-2,E-1,Agglutinative with some fusional features,
E-1-3,E-1,Fusional,
E-1-4,E-1,Fusional with some agglutinative features,
E-1-5,E-1,Fusional-agglutinative,
E-2-1,E-2,Internal flection,
E-2-2,E-2,Cumulative affixes,
E-2-3,E-2,Phonetically unconditioned stem alternations,
E-2-4,E-2,Phonetically unconditioned fusion,
E-2-5,E-2,"Cumulative affixes, several conjugation types",
E-2-6,E-2,"Cumulative affixes, several conjugation types, phonetically unconditioned stem alternations",
E-2-7,E-2,Phonetically unconditioned stem alternations and cumulative affixes,
E-2-8,E-2,"Internal flection, phonetically unconditioned fusion",
E-2-9,E-2,Internal and external flection,
E-3-1,E-3,One affix can express only one meaning,
E-3-2,E-3,Single inflection/conjugation type,
E-3-3,E-3,Low degree of fusion between root and non-root morphemes,
E-3-4,E-3,No phonetic alternations in morphemes,
E-3-5,E-3,"One affix can express only one meaning, single inflection/conjugation type, no phonetic alternations in morphemes",
E-3-6,E-3,"One affix can express only one meaning, single inflection/conjugation type, no phonetic alternations in morphemes, basic form bare stem",
E-3-7,E-3,"No phonetic alternations in morphemes, basic form bare stem",
E-4-1,E-4,Polysynthetic,
E-4-2,E-4,Analytic,
E-4-3,E-4,Analytic with elements of synthetism,
E-4-4,E-4,Isolating,
E-4-5,E-4,Synthetic,
E-4-6,E-4,Synthetic with elements of analytism,
E-4-7,E-4,Synthetic with elements of polysynthetism,
F-1-1,F-1,No agreement classes,
F-1-2,F-1,Two,
F-1-3,F-1,Three,
F-1-4,F-1,Four,
F-1-5,F-1,Six,
F-2-1,F-2,Articles,
F-2-2,F-2,Umlaut,
F-2-3,F-2,Verbal affixes,
F-2-4,F-2,Verbal affixes and adjective affixes,
F-2-5,F-2,Umlaut and affixes,
F-3-1,F-3,Articles,
F-3-2,F-3,Verbs,
F-3-3,F-3,Pronouns,
F-3-4,F-3,Adverbs,
F-3-5,F-3,Postpositions,
F-3-6,F-3,Adjectives,
F-3-7,F-3,Participles,
F-3-8,F-3,Numerals,
F-3-9,F-3,"Pronouns, adjectives, and verbs",
F-3-10,F-3,"Adjectives, verbs, and numerals",
F-3-11,F-3,"Adjectives, numerals, pronouns, and verbs",
F-3-12,F-3,Adjectives and verbs,
F-3-13,F-3,"Adjectives, verbs, and adverbs",
F-3-14,F-3,"Adjectives. Numerals, and pronouns",
F-3-15,F-3,"Adjectives, pronouns, participles, and articles",
F-3-16,F-3,"Adjectives, numerals, pronouns, and participles",
F-3-17,F-3,"Adjectives, numerals, pronouns, verbs, and participles",
F-3-18,F-3,Adjectives and numerals,
F-3-19,F-3,Verbs and pronouns,
F-3-20,F-3,"Adjectives, numerals, pronouns, and articles",
F-3-21,F-3,"Adjectives, numerals, pronouns, participles, and articles",
F-4-1,F-4,Classifier verbs,
F-4-2,F-4,Numeral classifiers,
F-5-1,F-5,Only in singular,
F-5-2,F-5,In singular and in plural,
F-5-3,F-5,"In singular, dual, and plural",
F-6-1,F-6,Absent,
F-6-2,F-6,Always present,
F-6-3,F-6,"For ""one""",
F-6-4,F-6,"For ""one"", ""two""",
F-6-5,F-6,"For ""one"", ""two"", ""three"", ""four""",
F-7-1,F-7,Absent,
F-7-2,F-7,Person/non-person,
F-7-3,F-7,Animacy/inanimacy,
F-7-4,F-7,Person/non-person and animacy/inanimacy,
F-7-5,F-7,Class,
F-7-6,F-7,Countability/uncountability,
F-8-1,F-8,Lexical,
F-8-2,F-8,Morphological,
F-8-3,F-8,Syntactic,
F-8-4,F-8,Lexical and morphological,
F-8-5,F-8,Lexical and syntactic,
F-8-6,F-8,Morphological and syntactic,
F-8-7,F-8,"Lexical, morphological and syntactic",
F-9-1,F-9,Lexical,
F-9-2,F-9,Morphological,
F-9-3,F-9,Syntactic,
F-9-4,F-9,Lexical and syntactic,
F-9-5,F-9,Morphological and syntactic,
F-9-6,F-9,Lexical and morphological,
F-9-7,F-9,"Lexical, morphological, and syntactic",
G-1-1,G-1,Singular and plural,
G-1-2,G-1,"Singular, dual and plural",
G-1-3,G-1,Distributive and plural,
G-1-4,G-1,"Singular, paucal and plural",
G-1-5,G-1,"Singular, dual, trial and plural",
G-1-6,G-1,Indefinite and plural,
G-1-7,G-1,"Indefinite, distributive and plural",
G-2-1,G-2,Marked,
G-2-2,G-2,Unmarked,
G-2-3,G-2,Marked and unmarked,
G-3-1,G-3,Absent,
G-3-2,G-3,Neutral and polite,
G-3-3,G-3,"Neutral, polite, and impolite",
G-4-1,G-4,No agreement in number,
G-4-2,G-4,Predicative,
G-4-3,G-4,Attributive,
G-4-4,G-4,Predicative and attributive,
G-5-1,G-5,Singular,
G-5-2,G-5,Plural,
G-5-3,G-5,Singular and plural,
G-5-4,G-5,"Singular, dual, and plural",
G-6-1,G-6,Decimal,
G-6-2,G-6,Quinary,
G-6-3,G-6,Decimal with elements of duodecimal,
G-6-4,G-6,Decimal with elements of vigesimal,
G-6-5,G-6,Vigesimal with elements of decimal,
G-6-6,G-6,Vigesimal with elements of quinary,
G-6-7,G-6,Vigesimal,
G-6-8,G-6,"Mixed, with elements of quinary, decimal, pentadecimal, and vigesimal",
G-6-9,G-6,Decimal with elements of quinary,
G-6-10,G-6,"Mixed, with elements of quinary, decimal, and vigesimal",
G-7-1,G-7,No indefinite article,
G-7-2,G-7,Same,
G-7-3,G-7,Different,
H-1-1,H-1,One-two,
H-1-2,H-1,Three-seven,
H-1-3,H-1,Eight-twelve,
H-1-4,H-1,Thirteen-twenty,
H-1-5,H-1,Over twenty,
H-1-6,H-1,No case,
H-2-1,H-2,Verbal agreement,
H-2-2,H-2,Object pronouns,
H-2-3,H-2,Case affixes,
H-2-4,H-2,Function words,
H-2-5,H-2,Verbal agreement and case affixes,
H-2-6,H-2,Verbal agreement and function words,
H-2-7,H-2,"Internal inflection, verbal agreement, and case affixes",
H-2-8,H-2,"Verbal agreement, case affixes and function words",
H-2-9,H-2,"Verbal agreement, pronominal reprise, case affixes, and function words",
H-2-10,H-2,"Verbal agreement, function words, object pronouns, and verbal pronouns",
H-2-11,H-2,"Object pronouns, function words, case affixes, and verbal agreement",
H-2-12,H-2,Subject and object personal pronouns and word order,
H-2-13,H-2,"Case affixes, verbal agreement, and word order",
H-2-14,H-2,"Subject and object personal pronouns, prepositions, and word order",
H-2-15,H-2,"Subject and object personal pronouns, prepositions, verbal agreement, and word order",
H-2-16,H-2,"Subject and object personal pronouns, verbal agreement, and word order",
H-2-17,H-2,"Subject and object personal pronouns, prepositions, and verbal agreement",
H-2-18,H-2,"Case affixes, subject and object personal pronouns, prepositions, and verbal agreement",
H-2-19,H-2,"Case affixes, subject and object personal pronouns, prepositions, verbal agreement, and word order",
H-2-20,H-2,"Subject and object personal pronouns, case and number flections, prepositions, and verbal agreement",
H-2-21,H-2,"Verbal agreement, subject, direct and indirect object personal pronouns, and word order",
H-3-1,H-3,Absolutive,
H-3-2,H-3,Genitive,
H-3-3,H-3,Oblique,
H-3-4,H-3,Nominative,
H-3-5,H-3,Partitive,
H-3-6,H-3,Instrumental,
H-3-7,H-3,Translative,
H-3-8,H-3,Essive,
H-3-9,H-3,Nominative or oblique,
H-3-10,H-3,Nominative or partitive,
H-3-11,H-3,Nominative or rhemative,
H-3-12,H-3,Nominative or instrumental,
H-3-13,H-3,Translative or essive,
H-3-14,H-3,Caseless form,
H-4-1,H-4,Ablative,
H-4-2,H-4,Illative,
H-4-3,H-4,Genitive,
H-4-4,H-4,Dative,
H-4-5,H-4,Comitative,
H-4-6,H-4,Oblique,
H-4-7,H-4,Locative,
H-4-8,H-4,Possessive,
H-4-9,H-4,Ergative,
H-4-10,H-4,Locative or dative,
H-4-11,H-4,Genitive or dative,
H-4-12,H-4,Nominative or genitive,
H-4-13,H-4,Genitive or ablative,
H-4-14,H-4,Genitive-accusative,
H-5-1,H-5,Verbs of possession,
H-5-2,H-5,Possessive particles,
H-5-3,H-5,Possessive affixes,
H-5-4,H-5,Possessive pronouns,
H-5-5,H-5,Adpositions,
H-5-6,H-5,Possessive adjectives,
H-5-7,H-5,Apposition,
H-5-8,H-5,Possessive declension,
H-5-9,H-5,Possessive affixes and possessive pronouns,
H-5-10,H-5,Possessive pronominal enclitics and possessive pronouns,
H-5-11,H-5,Apposition and prepositions,
H-5-12,H-5,Possessive particles and reflexive pronouns,
H-5-13,H-5,"Apposition, pronouns and pronominal enclitics",
H-5-14,H-5,"Apposition, possessive pronouns, possessive adjectives and possessive affixes",
H-5-15,H-5,"Apposition, possessive affixes and prepositions",
H-5-16,H-5,Possessive adjectives and pronouns,
H-5-17,H-5,"Possessive adjectives, pronouns and affixes",
H-5-18,H-5,Prepositions,
H-5-19,H-5,Possessive pronouns and prepositions,
H-5-20,H-5,Apposition and postpositions,
H-5-21,H-5,Possessive pronouns and possessive adjectives,
H-5-22,H-5,"Apposition, izafat, and possessive particles",
H-5-23,H-5,Apposition and possessive pronouns,
H-6-1,H-6,Noun affixes,
H-6-2,H-6,Preverbs,
H-6-3,H-6,Verbal affixes,
H-6-4,H-6,Spatial adverbs,
H-6-5,H-6,Postpositions,
H-6-6,H-6,Prepositions,
H-6-7,H-6,Adpositional constructions,
H-6-8,H-6,Noun affixes and verbal affixes,
H-6-9,H-6,Noun affixes and adpositional constructions,
H-6-10,H-6,Noun affixes and prepositions,
H-6-11,H-6,Noun affixes and postpositions,
H-6-12,H-6,Adpositions,
H-6-13,H-6,Noun affixes and spatial adverbs,
H-6-14,H-6,Postpositions and function nouns,
H-6-15,H-6,Pronouns and locative cases,
H-6-16,H-6,"Noun affixes, pronominal adverbs and adpositional constructions",
H-6-17,H-6,"Noun affixes, adverbs of place, and postpositions",
H-6-18,H-6,"Noun affixes, adverbs of place, and prepositions",
H-6-19,H-6,"Noun affixes, preverbs and postpositions",
H-6-20,H-6,"Noun affixes, verbal affixes and postpositions",
H-6-21,H-6,Noun affixes and adpositions,
H-6-22,H-6,"Pronouns, pronominal adverbs, locative cases, postpositions",
H-6-23,H-6,"Noun affixes, adpositions and internal flection",
H-6-24,H-6,"Pronouns, pronominal adverbs, locative cases, adpositions",
H-6-25,H-6,Preverbs and adverbs,
H-6-26,H-6,"Locative cases, prepositions, and pronouns",
H-6-27,H-6,Adverbs and prepositional constructions,
H-6-28,H-6,Pronouns,
H-6-29,H-6,"Nouns affixes, prepositions, adverbs and pronouns",
H-6-30,H-6,"Prepositional constructions, pronouns and adverbs",
H-6-31,H-6,"Adverbs, pronouns, verb prefixes, and prepositions",
H-6-32,H-6,Adverbs and pronouns,
H-6-33,H-6,Pronouns and adverbs,
H-6-34,H-6,"Pronouns, adverbs, and prepositions",
H-6-35,H-6,Adverbs and prepositional-nominal constructions,
H-6-36,H-6,"Nominal affixes, spatial adverbs, postpositions, and particles",
H-6-37,H-6,"Pronouns, pronoun adverbs, and prepositions",
H-6-38,H-6,Spatial adverbs and prepositions,
H-6-39,H-6,"Adverbs, pronominal adverbs, and prepositions",
H-7-1,H-7,Marked,
H-7-2,H-7,Unmarked,
H-8-1,H-8,Same,
H-8-2,H-8,Different,
H-9-1,H-9,Present,
H-9-2,H-9,Absent,
I-1-1,I-1,Category of voice is absent,
I-1-2,I-1,Auxiliary verb,
I-1-3,I-1,Morphonological alternation,
I-1-4,I-1,Affixes,
I-1-5,I-1,Function words,
I-1-6,I-1,Auxiliary verb and affixes,
I-1-7,I-1,Affixes and function words,
I-1-8,I-1,Morphonological alternation and function words,
I-1-9,I-1,"Auxiliary verb, affixes and function words",
I-1-10,I-1,Auxiliary verb + participle and affixes,
I-1-11,I-1,Auxiliary verb + participle and reflexive pronoun,
I-1-12,I-1,Auxiliary verb + participle and reflexive pronouns,
I-1-13,I-1,Auxiliary verb + participle and reflexive particles,
I-1-14,I-1,Auxiliary verb + participle and personal-reflexive pronoun,
I-1-15,I-1,Passive participle,
I-1-16,I-1,Morphonological alternation and affixes,
I-1-17,I-1,Auxiliary verb + participle and pronominal verb form,
I-2-1,I-2,Present,
I-2-2,I-2,Absent,
I-3-1,I-3,Passive and causative,
I-3-2,I-3,Passive and reflexive,
I-3-3,I-3,Causative and reflexive,
I-3-4,I-3,Causative and reciprocal,
I-3-5,I-3,Middle and causative,
I-3-6,I-3,Passive and reciprocal,
I-3-7,I-3,Reflexive and reciprocal/ reflexive and causative,
I-3-8,I-3,Reflexive and causative/ causative and reciprocal,
I-3-9,I-3,Causative and passive/reciprocal,
I-4-1,I-4,Absent,
I-4-2,I-4,Middle and causative,
I-4-3,I-4,Middle and passive,
I-4-4,I-4,Passive and reflexive,
I-4-5,I-4,"Passive, reflexive and reciprocal",
I-4-6,I-4,"Passive, reflexive, middle and reciprocal",
I-4-7,I-4,Potential and passive,
I-4-8,I-4,Passive and causative,
I-4-9,I-4,Passive and decausative,
I-5-1,I-5,No tense opposition,
I-5-2,I-5,Future and non-future,
I-5-3,I-5,"Future, non-future and past",
I-5-4,I-5,Present and non-present,
I-5-5,I-5,Present and past,
I-5-6,I-5,Present-future and past,
I-5-7,I-5,"Present, past and future",
I-5-8,I-5,"Present, past and present-future",
I-5-9,I-5,"Present, present-future, future, past",
I-5-10,I-5,Past and non-past,
I-5-11,I-5,"Present-future, future and past",
I-6-1,I-6,Separate,
I-6-2,I-6,Syncretic,
I-6-3,I-6,Separate and syncretic,
I-7-1,I-7,Affixes,
I-7-2,I-7,Function words,
I-7-3,I-7,Auxiliary verbs and affixes,
I-7-4,I-7,Affixes and function words,
I-7-5,I-7,"Auxiliary verbs, affixes and function words",
I-7-6,I-7,Tone alternations,
I-8-1,I-8,Absent,
I-8-2,I-8,Aspect and tense,
I-8-3,I-8,Tense and modality,
I-8-4,I-8,Person and number,
I-8-5,I-8,Aspect and modality,
I-8-6,I-8,Person and tense,
I-8-7,I-8,"Tense, aspect and modality",
I-8-8,I-8,"Tense, person and number",
I-8-9,I-8,"Person, number and gender/ aspect and tense",
I-8-10,I-8,Tense and negation,
I-8-11,I-8,"Person, number, gender, aspect, tense, and modality",
I-8-12,I-8,"Aspect, tense, person, and number",
I-8-13,I-8,"Tense, aspect, modality, and mood",
I-8-14,I-8,"Tense, aspect, and modality (mood)",
I-8-15,I-8,"Tense, aspect, and polarity",
I-8-16,I-8,"Tense, aspect, modality, and polarity",
I-8-17,I-8,"Person, number, tense, aspect, and modality (mood)",
I-8-18,I-8,"Person, number, tense, aspect, voice, and modality (mood)",
I-8-19,I-8,"Person, number, gender, tense, aspect, and modality (mood)",
I-8-20,I-8,Gender and number,
I-8-21,I-8,"Gender, person, and number",
I-8-22,I-8,"Tense and modality, person and number",
I-9-1,I-9,Absent,
I-9-2,I-9,Only in singular,
I-9-3,I-9,In singular and plural,
I-9-4,I-9,Only third person singular,
I-9-5,I-9,"In singular, dual and plural",
I-9-6,I-9,Only in plural,
I-10-1,I-10,Absent,
I-10-2,I-10,Affix,
I-10-3,I-10,Function word,
I-10-4,I-10,Morphonological alternation,
I-10-5,I-10,Special type of agreement,
I-10-6,I-10,Change of conjugation type,
I-10-7,I-10,Affix and function word,
I-10-8,I-10,Affix and special type of agreement,
I-10-9,I-10,Function word and special type of agreement,
I-10-10,I-10,Morphonological alternation and change of conjugation type,
I-10-11,I-10,Affix and meaningful morphonological alternation,
I-10-12,I-10,Affix and change of conjugation type,
I-10-13,I-10,Change of conjugation type and reflexive pronoun,
J-1-1,J-1,Absent,
J-1-2,J-1,Quasi-pronoun,
J-1-3,J-1,Pronominal adverbs,
J-1-4,J-1,Pronominal prepositions,
J-1-5,J-1,Pronominal adjectives,
J-1-6,J-1,Pronominal numerals,
J-1-7,J-1,Pronominal nouns,
J-1-8,J-1,Pronouns-nouns,
J-1-9,J-1,Pronominal adverbs and adjectives,
J-1-10,J-1,"Pronominal adverbs, adjectives and nouns",
J-1-11,J-1,Pronouns-nouns and pronouns-adjectives,
J-2-1,J-2,Demonstrative pronouns,
J-2-2,J-2,Preverbs,
J-2-3,J-2,Noun affixes,
J-2-4,J-2,Adverbs,
J-2-5,J-2,Postpositions,
J-2-6,J-2,Prepositions,
J-2-7,J-2,Particles,
J-2-8,J-2,Demonstrative pronouns and particles,
J-2-9,J-2,Demonstrative pronouns and preverbs,
J-2-10,J-2,Demonstrative pronouns and prepositions,
J-2-11,J-2,Demonstrative pronouns and adverbs,
J-2-12,J-2,Demonstrative pronouns and articles,
J-2-13,J-2,Nominal afffixes and postpositions,
J-2-14,J-2,Demonstrative pronouns and nominal affixes,
J-2-15,J-2,Demonstrative pronouns and postpositions,
J-2-16,J-2,Demonstrative pronouns and adpositions,
J-2-17,J-2,"Demonstrative pronouns, postpositions and adverbs",
J-3-1,J-3,Directionals,
J-3-2,J-3,Postpositions,
J-3-3,J-3,Prepositions,
J-3-4,J-3,Postverbs,
J-3-5,J-3,Function nouns,
J-3-6,J-3,Particles,
J-3-7,J-3,Directionals and prepositions,
J-3-8,J-3,Postpositions and function nouns,
J-3-9,J-3,Adpositions,
J-3-10,J-3,Adpositions and particles,
J-3-11,J-3,Preverbs and postpositions,
J-3-12,J-3,Preverbs,
J-3-13,J-3,Particles and prepositions,
J-4-1,J-4,Adjectives,
J-4-2,J-4,Adverbial participles,
J-4-3,J-4,Adverbs,
J-4-4,J-4,Pronouns,
J-4-5,J-4,Adjectives and adverbs,
J-4-6,J-4,Pronouns and adverbs,
J-5-1,J-5,Absent,
J-5-2,J-5,Noun affixes,
J-5-3,J-5,Definite/indefinite verb conjugation,
J-5-4,J-5,Special verb form,
J-5-5,J-5,Special case form,
J-5-6,J-5,Special form of class marker,
J-5-7,J-5,Special verb form and noun affixes,
J-5-8,J-5,Special form of class marker and noun affixes,
J-5-9,J-5,Different case affixes for definite and indefinite objects,
J-5-10,J-5,Different cases for definite and indefinite objects,
J-5-11,J-5,Definite/indefinite noun declension,
J-5-12,J-5,Different case affixes for definite and indefinite objects and special verb form,
J-5-13,J-5,"Different case affixes for definite and indefinite objects and subjects, and definite/indefinite verb conjugation",
J-5-14,J-5,Noun affixes and definite/indefinite verb conjugation,
J-6-1,J-6,Articles,
J-6-2,J-6,Pronouns,
J-6-3,J-6,Postpositions,
J-6-4,J-6,Adverbs,
J-6-5,J-6,Adjectives,
J-6-6,J-6,Participles,
J-6-7,J-6,Numerals,
J-6-8,J-6,Particles,
J-6-9,J-6,Prepositions,
J-6-10,J-6,Postpositions and particles,
J-6-11,J-6,Postpositions and pronouns,
J-6-12,J-6,Prepositions and pronouns,
J-6-13,J-6,Articles and adjectives,
J-6-14,J-6,Pronouns and adjectives,
J-6-15,J-6,Articles and numerals,
J-6-16,J-6,Numerals and pronouns,
J-6-17,J-6,Adjectives and numerals,
J-6-18,J-6,"Postpositions, pronouns and numerals",
J-6-19,J-6,"Articles, adjectives and participles",
J-6-20,J-6,"Pronouns, adjectives and numerals",
J-6-21,J-6,"Articles, pronouns and numerals",
J-6-22,J-6,"Articles, adjectives, participles and numerals",
J-6-23,J-6,"Articles, prepositions, pronouns and numerals",
J-7-1,J-7,In noun phrase,
J-7-2,J-7,In verb phrase,
J-7-3,J-7,In pronouns,
J-7-4,J-7,In noun phrase and in verb phrase,
J-7-5,J-7,In noun phrase and in pronouns,
J-7-6,J-7,In verb phrase and in pronouns,
J-7-7,J-7,In quasi-pronouns and in pronouns,
J-7-8,J-7,In pronouns and syntactically,
J-7-9,J-7,"In verb group, in pronouns and syntactically",
J-7-10,J-7,"In noun group, in verb group and in pronouns",
J-8-1,J-8,Negative affixes,
J-8-2,J-8,Prohibitive affixes,
J-8-3,J-8,Negative particles,
J-8-4,J-8,Negative verbs,
J-8-5,J-8,Negative pronouns,
J-8-6,J-8,Negative pronouns and negative particles,
J-8-7,J-8,Negative particles and negative verbs,
J-8-8,J-8,Prohibitive and negative particles,
J-8-9,J-8,Negative particles and negative affixes,
J-8-10,J-8,"Negative particles, negative verbs and caritive affixes",
J-8-11,J-8,"Negative pronouns, negative adverbs and negative verbs",
J-8-12,J-8,"Negative particles, negative pronouns and negative conjugation of verbs",
J-8-13,J-8,Negative and prohibitive affixes,
J-8-14,J-8,Negative particles and reduplication,
J-8-15,J-8,"Negative particles, pronouns and adverbs",
J-8-16,J-8,"Negative particles, prefixes, conjunctions, and pronouns",
J-8-17,J-8,"Negative prefixes, particles, and pronouns",
J-9-1,J-9,Incorporation,
J-9-2,J-9,Framing,
J-9-3,J-9,Preposition,
J-9-4,J-9,Postposition,
J-9-5,J-9,Incorporation and postposition,
J-9-6,J-9,Incorporation and preposition,
J-9-7,J-9,Framing and preposition,
J-9-8,J-9,Framing and postposition,
J-9-9,J-9,Preposition and postposition,
J-9-10,J-9,"Incorporation, postpostion and preposition",
J-9-11,J-9,"Framing, preposition and postposition",
K-1-1,K-1,Pronouns are not inflected,
K-1-2,K-1,Case affixes of pronouns are the same as noun case affixes,
K-1-3,K-1,Pronominal inflection type,
K-2-1,K-2,No articles,
K-2-2,K-2,Only indefinite,
K-2-3,K-2,Only definite,
K-2-4,K-2,Definite and indefinite,
K-2-5,K-2,"Definite, indefinite and partitive",
K-3-1,K-3,Preposition,
K-3-2,K-3,Postposition,
K-3-3,K-3,Preposition and postposition,
K-4-1,K-4,Single article preceding the phrase,
K-4-2,K-4,Articles preceding each word,
K-5-1,K-5,Animacy,
K-5-2,K-5,Definiteness,
K-5-3,K-5,Animacy and gender,
K-5-4,K-5,Definiteness and case,
K-5-5,K-5,Definiteness and number,
K-5-6,K-5,Definiteness and gender,
K-5-7,K-5,"Animacy, case and number",
K-5-8,K-5,"Definiteness, case and gender",
K-5-9,K-5,"Definiteness, gender and number",
K-5-10,K-5,"Case, gender and number",
K-5-11,K-5,"Definiteness, case, gender and number",
K-5-12,K-5,"Definiteness, possessivity, case, gender and number",
K-6-1,K-6,Single type of conjugation,
K-6-2,K-6,Two types of conjugation,
K-6-3,K-6,Three types of conjugation,
K-6-4,K-6,Four types of conjugation,
K-6-5,K-6,Six types of conjugation,
K-6-6,K-6,Forteen types of conjugation,
K-7-1,K-7,No verb agreement,
K-7-2,K-7,Subject,
K-7-3,K-7,Subject and object,
K-7-4,K-7,Subject and subject-object,
K-8-1,K-8,Absent,
K-8-2,K-8,Case,
K-8-3,K-8,Augmentation,
K-8-4,K-8,Gender,
K-8-5,K-8,Number,
K-8-6,K-8,Gender and number,
K-8-7,K-8,"Gender, number and case",
K-8-8,K-8,Number and case,
K-9-1,K-9,Present-past,
K-9-2,K-9,Future,
K-9-3,K-9,Present,
K-9-4,K-9,Past,
K-9-5,K-9,Present-future,
K-9-6,K-9,Present and past,
K-9-7,K-9,Past and future,
K-9-8,K-9,Present-future and past,
K-9-9,K-9,Present-past and future,
K-9-10,K-9,"Present, past and future",
K-9-11,K-9,"Present-past, past and future",
K-9-12,K-9,"Present, present-future, future and past",
K-10-1,K-10,Absent,
K-10-2,K-10,Degrees of comparison,
K-11-1,K-11,Absent,
K-11-2,K-11,Person,
K-11-3,K-11,Animacy,
K-11-4,K-11,Case,
K-11-5,K-11,Gender,
K-11-6,K-11,Number,
K-11-7,K-11,Gender and number,
K-11-8,K-11,Number and case,
K-11-9,K-11,"Animacy, person and case",
K-11-10,K-11,"Gender, number and case",
K-11-11,K-11,"Gender, number and definiteness",
K-11-12,K-11,"Gender, number and state",
K-11-13,K-11,"Person, case, number and gender",
K-11-14,K-11,"Gender, number, case and definiteness",
K-11-15,K-11,"Animacy, person, case and number",
K-11-16,K-11,"Animacy, person, case, number and gender",
K-11-17,K-11,"Animacy, definiteness, case, number and gender",
K-11-18,K-11,"Animacy, person, case, number, gender and possessivity",
K-11-19,K-11,"Agreement class, number, and case",
K-11-20,K-11,Agreement class and number,
K-11-21,K-11,"Gender, animacy, number, and case",
K-12-1,K-12,Absent,
K-12-2,K-12,Person and number,
K-12-3,K-12,Agreement class and case,
K-12-4,K-12,Number and case,
K-12-5,K-12,Gender and number,
K-12-6,K-12,Number and agreement class,
K-12-7,K-12,"Gender, number and case",
K-12-8,K-12,"Agreement class, number and case",
K-12-9,K-12,Agreement class and state,
K-12-10,K-12,"Gender, number, case, animacy, and person",
K-13-1,K-13,Always present,
K-13-2,K-13,Absent,
K-13-3,K-13,Only in preposition,
K-13-4,K-13,Optional,
K-14-1,K-14,No attributive agreement,
K-14-2,K-14,In class,
K-14-3,K-14,In person,
K-14-4,K-14,In gender,
K-14-5,K-14,In number,
K-14-6,K-14,In (in)definiteness and gender,
K-14-7,K-14,In person and number,
K-14-8,K-14,In case ans number,
K-14-9,K-14,In gender and number,
K-14-10,K-14,In class and number,
K-14-11,K-14,"In case, gender and number",
K-14-12,K-14,"In person, gender and number",
K-14-13,K-14,"In person, case and number",
K-14-14,K-14,"In person, case and gender",
K-14-15,K-14,"In gender, number and case",
K-14-16,K-14,"In (in)definiteness, gender and number",
K-14-17,K-14,"In humanness, person and number",
K-14-18,K-14,"In gender, state and number",
K-14-19,K-14,"In class, type of stem and number",
K-14-20,K-14,"In person, case, gender and number",
K-14-21,K-14,"In person, case, gender, and (in)definiteness",
K-14-22,K-14,"In case, number, gender, (in)definiteness, and (in)animacy",
K-14-23,K-14,"In gender, number, case, and (in)animacy",
K-15-1,K-15,Absent,
K-15-2,K-15,Case,
K-15-3,K-15,(In)definiteness,
K-15-4,K-15,Number,
K-15-5,K-15,Possessivity,
K-15-6,K-15,Honorific/neutral forms,
K-15-7,K-15,Case and number,
K-15-8,K-15,(In)definiteness and number,
K-15-9,K-15,Number and state,
K-15-10,K-15,Possessivity and honorific/neutral forms,
K-15-11,K-15,"Case, possessivity and number",
K-15-12,K-15,"(In)definiteness, number and state",
K-15-13,K-15,"Possessivity, (in)definiteness, and number",
K-15-14,K-15,"(In)definiteness, number, and case",
K-16-1,K-16,Absent,
K-16-2,K-16,Person and number,
K-16-3,K-16,Person and number of the possessee,
K-16-4,K-16,Case and definiteness,
K-16-5,K-16,Case and gender / agreement class,
K-16-6,K-16,Number and case,
K-16-7,K-16,Number and gender / agreement class,
K-16-8,K-16,Case and person of possessor,
K-16-9,K-16,Person and number of possessor,
K-16-10,K-16,"Person, number and possessivity",
K-16-11,K-16,"Gender / agreement class, number and case",
K-16-12,K-16,"Gender / agreement class, number and state",
K-16-13,K-16,"Person, number and case",
K-16-14,K-16,"Gender / agreement class, number, case and definiteness",
K-16-15,K-16,"Number, case, person and number of possessor",
K-16-16,K-16,"Gender / agreement class, number, case and animateness",
K-17-1,K-17,Internal flection,
K-17-2,K-17,Affixes,
K-17-3,K-17,Stem truncation and augmentation,
K-17-4,K-17,Reduplication,
K-17-5,K-17,Internal flection and affixes,
K-17-6,K-17,Reduplication and affixes,
K-17-7,K-17,Reduplication and internal flection,
K-17-8,K-17,Stem truncation/augmentation and affixes,
K-17-9,K-17,Internation inflection and stem truncation/augmentation,
K-17-10,K-17,"Internation inflection, stem truncation/augmentation and affixes",
K-17-11,K-17,"Reduplication, internal inflection and affixes",
K-18-1,K-18,Prefixal-suffixal,
K-18-2,K-18,Mainly or only infixal,
K-18-3,K-18,Mainly or only prefixal,
K-18-4,K-18,Mainly or only suffixal,
L-1-1,L-1,Conversion,
L-1-2,L-1,Suffix truncation,
L-1-3,L-1,Reduplication,
L-1-4,L-1,Compounding,
L-1-5,L-1,Abbreviation,
L-1-6,L-1,Derivation,
L-1-7,L-1,Suffix truncation and compounding,
L-1-8,L-1,Compounding and abbreviation,
L-1-9,L-1,Derivation and reduplication,
L-1-10,L-1,Conversion and compounding,
L-1-11,L-1,Reduplication and compounding,
L-1-12,L-1,Derivation and compounding,
L-1-13,L-1,Derivation and internal flection,
L-1-14,L-1,"Derivation, compounding and abbreviation",
L-1-15,L-1,"Derivation, conversion and reduplication",
L-1-16,L-1,"Suffix truncation, compounding and abbreviation",
L-1-17,L-1,"Compounding, abbreviation and reduplication",
L-1-18,L-1,"Conversion, reduplication and compounding",
L-1-19,L-1,"Derivation, reduplication and compounding",
L-1-20,L-1,"Derivation, compounding, conversion and abbreviation",
L-1-21,L-1,"Derivation, compounding, conversion and reduplication",
L-1-22,L-1,"Ablaut, derivation, compounding and conversion",
L-1-23,L-1,"Derivation, conversion, reduplication, compounding and abbreviation",
L-1-24,L-1,Derivation and conversion,
L-1-25,L-1,"Derivation, compounding, conversion, and clipping",
L-1-26,L-1,"Affixation, conversion, compounding, abbreviation, reduplication, and clipping",
L-2-1,L-2,Prefixes,
L-2-2,L-2,Suffixes,
L-2-3,L-2,Prefixes and suffixes,
L-2-4,L-2,Infixes and suffixes,
L-2-5,L-2,Infixes and prefixes,
L-2-6,L-2,"Prefixes, suffixes and postfixes",
L-2-7,L-2,"Infixes, prefixes and suffixes",
L-2-8,L-2,"Circumfixes, prefixes and suffixes",
L-2-9,L-2,"Prefixes, suffixes and transfixes",
L-2-10,L-2,"Infixes, prefixes, suffixes and transfixes",
L-2-11,L-2,"Infixes, prefixes, suprafixes and suffixes",
L-2-12,L-2,"Prefixes, suprafixes, suffixes and confixes",
L-2-13,L-2,"Circumfixes, prefixes, suffixes and infixes",
L-2-14,L-2,"Prefixes, infixes, suffixes, postfixes and transfixes",
L-2-15,L-2,"Suffixes, prefixes, circumfixes and transfixes",
L-2-16,L-2,"Prefixes, suffixes, and interfixes",
L-2-17,L-2,"Prefixes, suffixes, postfixes, and interfixes",
L-3-1,L-3,Subordination,
L-3-2,L-3,Coordination,
L-3-3,L-3,Coordination and subordination,
L-3-4,L-3,Apposition and coordination,
L-3-5,L-3,Apposition and subordination,
L-3-6,L-3,"Apposition, coordination and subordination",
M-1-1,M-1,Active,
M-1-2,M-1,Direct,
M-1-3,M-1,Accusative,
M-1-4,M-1,Tripartite,
M-1-5,M-1,Ergative,
M-1-6,M-1,Austronesian,
M-1-7,M-1,Accusative with elements of ergativity,
M-1-8,M-1,"Accusative, ergative, and dative",
M-1-9,M-1,Ergative with elements of accusative,
M-2-1,M-2,Fixed,
M-2-2,M-2,Non-fixed,
M-3-1,M-3,SVO,
M-3-2,M-3,SOV,
M-3-3,M-3,VSO,
M-3-4,M-3,VOS,
M-3-5,M-3,SVO/ SOV,
M-3-6,M-3,SVO/ VSO,
M-3-7,M-3,SVO/ VOS,
M-3-8,M-3,SVO/ OSV,
M-3-9,M-3,SVO/ OVS,
M-3-10,M-3,SOV/ VSO,
M-3-11,M-3,SOV/ OSV,
M-3-12,M-3,VSO/ VOS,
M-4-1,M-4,Modifier precedes noun,
M-4-2,M-4,Modifier follows noun,
M-4-3,M-4,Not fixed,
M-4-4,M-4,Preposition and postposition,
M-5-1,M-5,Possible,
M-5-2,M-5,Impossible,
N-1-1,N-1,Main clause precedes subordinate clause,
N-1-2,N-1,Subordinate clause precedes main clause,
N-1-3,N-1,Not fixed,
N-1-4,N-1,Main clause frames the subordinate clause,
N-2-1,N-2,Special marking of arguments,
N-2-2,N-2,Special form of subject,
N-2-3,N-2,Special word order,
N-2-4,N-2,Special form of predicate,
N-3-1,N-3,Finite forms,
N-3-2,N-3,Non-finite forms,
N-3-3,N-3,Both finite and non-finite forms possible,
N-4-1,N-4,Clause chaining,
N-4-2,N-4,Subordination,
N-4-3,N-4,Compounding,
N-4-4,N-4,Subordination and compounding,
N-4-5,N-4,"Subordination, compounding and clause chaining",
N-5-1,N-5,Syndesis dominant,
N-5-2,N-5,Asyndeton dominant,
N-5-3,N-5,Both syndesis and asyndeton possible,
